"genreid","genre"
1,rhythm and blues
2,blues
3,humour
5,jazz
8,rock
9,chanson
11,hip hop
13,easy listening
16,soul
19,rap
21,folk
24,country
28,new age
30,r&b
34,metal
37,pop
42,rap&hip hop
46,celtic
47,mpb
50,other
52,hard rock
53,rhythmic soul
59,ballad
61,hip-hop
80,cabaret
89,punk rock
91,classic rock
100,polka
103,salsa
105,electronic
114,jpop
118,instrumental
125,house
127,"rock,rap"
132,soundtrack
135,birthday
139,acoustic
140,oldies
144,"rock,pop"
148,"christmas,holiday"
151,gospel
162,alternative
165,pop español
170,latin
175,britpop
181,heavy metal
183,progressive rock
188,j-pop
200,trance
202,speech
211,unknown
212,infantil
225,world
228,melting brains
229,classical
230,a cappella
235,meditative
236,rock&roll
238,hemi-sync
242,avantgarde
247,ethnic
251,misc
253,vocal
262,comedy
264,club
291,data
293,jungle
301,ambient
306,"jazz,funk"
317,dance
342,halloween
345,games
350,tapping
379,samba
389,tango
390,techno
396,audio book
405,trip-hop
407,contentum
408,"pop,general pop"
410,game
435,punk
441,yurik
449,"r&b,soul"
477,punjabi folk
480,christmas
489,bluegrass
498,neue deutsche welle
560,musical
571,club house
572,choral
580,lesung
581,balada
582,slow rock
627,downtempo
630,acid jazz
648,"pop,funk"
652,merengue
680,forró
692,reggae dub
697,steady
703,bass
721,indie
735,nederlandstalig
737,rnb
739,eurodance
790,opera
797,"pop,blues"
801,ritm&blues
824,blue
828,contemporary blues
854,swing
872,funk
884,top 40
886,guitar
901,gothic metal
904,christian rock
911,reggae
933,acoustic blues
965,boogie woogie
1000,single
1007,slow jam
1022,visual rock
1028,language
1029,vers-zene
1061,rockpop
1160,folklore
1179,frysk
1185,contemporary r&b
1205,bebob
1219,jazz rock fussion
1242,freestyle
1252,japanese pop
1268,general blues
1296,listening
1302,disco
1309,best
1310,blues-rock
1350,soul blues
1357,christian
1396,"classical,general cl"
1406,volksweisen
1424,goth rock
1436,baiana
1444,"blues,rock,pop"
1451,new wave
1468,native american
1487,folk-rock
1521,joululaulut
1575,lounge
1581,vocal dance
1602,new jack
1614,japanese rock
1617,nederhop
1632,pop-folk
1643,espanol
1646,forro
1658,relax
1660,general jazz
1671,ska
1694,melodifestival
1702,anime
1715,bella union
1716,"folk,rock"
1718,rock pop
1776,national folk
1800,sludge doom
1807,retro
1838,live
1867,rock melodics
1894,rocl
1898,psychedelic
1920,samba canção
1931,christian acappella
1951,soulrock
2002,religioso
2015,alternative country
2027,"funk,soul"
2037,club-house
2045,long live rock&roll
2053,revival
2120,slow
2130,cumbia
2133,"pop,rock"
2134,"blues,rock"
2145,probecd
2148,compil
2171,alternrock
2180,grunge
2191,blues rock
2253,electronica
2264,popular
2278,fusion
2297,v. française
2306,acid punk
2320,eock
2321,"techno,trance"
2323,tekkno
2363,"electronica,dance,cl"
2396,hardcore
2398,"pop,soul"
2401,jrock
2411,suomirock
2412,r&b groups
2454,lo-fi
2464,ballads
2471,power ballad
2492,greek pop
2518,oz-rock
2597,psychedelic rock
2600,piano
2616,boys
2694,jazz-house
2719,acid
2729,"jazz,general jazz"
2788,alt.rock
2845,acapella
2858,french pop
2862,leggera
2865,pop rock
2887,synthpop
2896,"rock,japanese rock"
2912,hardrock
2948,"dance,disco"
2953,industrial
2959,big band
3002,alternative rock
3049,black metal
3081,"blues,acid jazz"
3128,"jazz,ragtime"
3134,motown
3158,tribal
3175,death metal
3201,power pop
3207,instrumental rock
3208,"electronica,dance,ge"
3231,"pop,acoustic pop"
3233,klassik
3273,schlager
3282,gospel-delic
3289,electronic rock
3296,twee pop
3303,adult contempory
3310,trip hop
3345,doom
3387,show live
3404,mind entertainment
3503,male vocal
3528,gzsz
3535,organ
3538,r&b male
3540,kinderlieder
3566,symphonic rock
3618,delta-blues
3619,"blues,jimmy reed"
3931,"zydeco,cajun"
3983,blues explosion
4072,toupee
4083,dance diva
4094,progressive blues
4114,neo-classical
4128,rockabilly
4133,rhythm&blues
4166,dub
4204,maxi-cds
4207,alt. rock
4229,quickstep
4244,bentonia blues
4259,kleinkunst
4284,rockblues
4362,post punk
4368,blues punk
4369,unclassifiable
4405,greek
4428,electro jazz
4458,pagode
4476,v.a
4487,rock demenziale
4494,austria-cult
4501,"rnb,regggae"
4580,"hip hop,r&b"
4647,blues pop
4679,bolero
4686,rock brasil
4713,cult
4884,zydeco
4926,vol.4
4977,j-r&b
5011,guitar music
5035,dramatic audio
5069,fodboldmusik
5141,enfant
5160,the kids of dunblan 
5215,mix
5232,southern rock
5257,blues-string bands
5270,sprachen
5294,cajun
5295,deutsch pop
5299,gangsta rap
5407,indie rock
5432,spoken word
5439,american primitive
5470,beat
5490,"rap,hip hop,black"
5496,trash metal
5547,komerz-dance
5561,mixcd
5590,inconnu
5609,r and b
5668,symphonic
5669,qawwali
5711,domestic(j-pops
5768,vários
5775,rojo
5788,x-mas
5808,"r&b,general r&b"
5843,vintage r&b
5855,deutsch
5869,baroque
5883,christian pop
5945,liedermacher
5961,folklorica colombian
5990,heavy blues
6014,hiphop
6095,deutschpunk
6131,telugu
6135,melodic hard rock
6168,"motown female,groups"
6173,noise
6193,asd
6205,digital hardcore
6305,"2-step"
6370,j-rock
6405,gospel&religious
6436,worship
6466,blues-suomi
6522,age
6610,rythm&blues
6673,jazz blues
6690,"rock,blues"
6773,"oh no,never st"
6786,rock and blues
6872,p&w
6873,schnulzen
6874,christian r&b
6881,rave
6990,godspell
6991,ghazal
6999,dup
7016,deathrock
7023,"rock,loud"
7126,darkwave
7239,été française
7282,progressive metal
7299,kinder
7320,audiobook
7358,bluesrock
7378,hörbuch
7413,pop brasil
7437,psychadelic blues
7444,british blues
7460,wind band
7468,børne historier
7545,israeli
7575,roots
7601,r&b soul
7771,space
7827,modern electric blue
7831,"60er,70er"
7892,relaxation
7909,svensk
7915,jazz fusion
7926,"country,rock"
7986,workshop
8005,ranchero
8029,crossover
8047,vocal-trance
8104,general r&b
8143,"r&b,funk"
8186,vocal weibl
8204,hip-hop français
8222,brass band
8259,pre-war blues
8270,artists
8319,blus
8423,chamber music
8433,sungura
8480,"rnb,2step"
8486,stoner core
8531,blues-r&b-new orlean
8534,hörspiel
8542,concerto
8547,"vocal,instrumental"
8618,deep house
8840,funeral doom
8847,blues-r&b
8925,satiric alternative 
9039,enfants
9078,alt rock
9092,soul jazz
9201,downbeat
9332,chorus
9343,euro-house
9350,afro cuban
9354,jazz-bop
9509,français
9516,punjabi bhangra
9566,contemporary christi
9601,chansons
9688,psychedelic blues
9751,bossa nova
9776,electricblues
9796,ilahiler
9893,boleros
10042,electric blues
10052,piano concerto
10093,power metal
10191,drama cd
10216,singer-songwriter
10258,euro-techno
10363,hip-house
10373,tecno pop
10398,chirstmas
10415,contemporary
10455,calypso
10490,opm
10538,trombone
10681,electric harmonica b
10724,jump blues
10763,rock-synth pop vocal
10785,humor
10908,steel drum
11011,drum&bass
11016,karaoke
11070,negerpunk
11086,dream
11125,organ&orchestra
11141,viser
11150,new orleans lounge-j
11157,dixieland
11202,blues&rock
11258,classical piano
11300,"soul,funk"
11354,jazz-smooth
11430,euskal haur musika
11437,pop vocal
11525,christian blues
11673,modern soul
11690,texas blues
11691,jazz-funk
11782,bklues
11924,oldie
11970,classic r&b
11988,mixed
12005,blu
12032,hard ruck
12097,delta blues
12102,rock'n roll
12121,kizomba
12158,international(pops
12160,pop.internacional
12193,(13pop
12210,gothic rock
12247,jamband
12306,"weastcoast,aor"
12477,axé
12489,dark classical
12648,"italian pop,rock"
12798,childrens
12817,thrash metal
12858,persian
12958,ambient-meditation
13061,faya
13075,deutsch-rock
13112,guitar ambient
13149,melodic speed metal
13194,vocal-standards
13201,satire
13207,romántico
13242,dream pop
13261,melodic death metal
13444,arabesk
13480,dance-pop
13518,musica cristiana
13596,clasica
13616,afrikaans
13633,ccm
13795,drum&base
13848,mpb (brazilian pop m
13913,blues (texas style
13958,"blues,year: 1988"
13966,vocal jazz
13973,ghazals
13982,hindi movie songs
14012,"electronica,worldbea"
14115,hindi soundtrack
14156,experimental blues
14231,bible
14257,doo wop
14342,french
14343,screamo
14400,melodic power metal
14424,general electronic
14544,jazz-post bop
14559,italienisch
14570,speed metal
14660,italiano
14688,symphony
14728,francophone
14745,beach
14749,new orleans blues
14807,austro rock
14817,kabarett
14859,seiyu
14862,new orleans funk
14934,goa
14967,emo
14975,gangsta
14980,blues brasil
15002,emotional
15034,vallenatos
15035,jazz vocal
15037,texas-blues
15143,harmony
15226,booty bass
15228,cowboy songs
15265,choro
15268,progrock
15439,bedroompop
15480,québec
15484,austro
15512,bachata
15531,world music
15550,southern soul
15695,metal-core
15707,r&r
15723,"folk,rock,country"
15764,schillingsviser
15819,sea music
15903,"blues-rock,pop,rock"
15917,instrumental pop
15926,rondallas
15935,miscellaneous
15979,rock&pop
16020,suthern' sludge
16028,aor rock
16045,folk blues
16102,"blues,folk"
16219,folklore nacional
16226,cristiana
16251,italiana
16293,vn vocal
16306,soul music
16470,flamenco
16501,nederlands
16560,fantezi
16566,devotional
16581,modern jazz quartet
16628,electric-blues
16714,duet
16753,kids
16758,roots rock
16771,boogie rock
16827,"fado,portugal"
16836,trova
16839,folk-blues
16945,norteño
17037,"indie pop,rock"
17039,post rock
17105,música cristiana
17151,modern blues
17153,"sacred steel,gospel"
17158,british pub blues
17167,symphonic metal
17233,undefined
17241,"blues,country"
17311,general alternative
17313,tex-mex
17381,cantorial
17389,blasmusik
17421,christian rap
17457,rythm'n'blues
17535,latina
17554,general blue
17562,austro pop
17629,musica popular brasi
17681,chicago
17782,ontemporary christia
17810,aor
17817,zouk
17853,nederfolk
17894,stoner rock
17972,kompa
18015,children
18028,male-rock
18083,"jazz,soul"
18136,"r&b,blues"
18159,anime(j
18188,boogie
18283,"r&b,pop"
18327,vise
18332,what's so funny abou
18336,neo-soul
18426,boobytrap
18456,vietnamese
18477,bikutsi
18488,"r&b,motown"
18503,electronica&dance
18550,oriental
18577,bailanta
18603,alternative folk
18631,smooth jazz
18718,r n b
18766,live deutsch
18819,chanson à texte
19020,piano solo
19042,"duo,rock"
19078,steely blues
19101,hawaiian
19126,lo-fi garage rock
19187,heavenly voices
19335,noel
19391,"pop,guitar"
19482,blues-piano
19514,german power metal
19573,blues-texas blues
19609,chanson français
19632,rancheras
19638,chanson française
19653,test
19688,books&spoken
19774,freerock
19900,new orleans mod
19902,country blues
20003,"highlife,ghana"
20013,memphis blues
20065,flamenquito
20084,big beat
20097,gothic
20130,miami bass
20133,party
20188,sax instrumental
20211,general soundtrack
20226,"pop,folk"
20285,worship and praise
20374,jazz-boogie-woogie
20392,"cajun rock,blues"
20441,praise&worship
20453,jazz-rock
20480,jazz-crossover
20516,cristiana niños
20676,banda sinaloense
20706,visual kei
20845,posaune
20905,"trance,dance"
21018,covers
21116,jazz-swing
21155,drum solo
21255,anti-folk
21344,fingerpicking
21523,child
21526,chicano rap
21539,pop-blues
21654,latino rock (argenti
21804,garage
21877,erwtika
21917,italien
22015,italian
22023,irish-blues
22037,educacional
22130,new
22304,general books
22319,ethnic blues
22372,country rock
22398,christan blues
22412,samba e pagode
22470,remix
22492,romanian
22574,soul-disco
22616,brazilian
22636,française
22657,"alt. pop,rock"
22688,mangue beat
22781,bayer-blues
22820,neo soul
22919,"cajun,zydeco"
22967,schlager deutsch
22972,romantico
23033,italo
23078,kansas city blues
23137,electro
23160,motown stevie wonder
23177,blues gospel
23220,ch rock
23240,quattro
23356,worldmusic
23392,techno-industrial
23416,drum 'n' base
23491,"blues,christian"
23670,violin
23715,"world,jazz"
23716,progresive blues
23822,americana
23842,ungarisch
23857,étés françaises
23869,blues latino
23881,"singer,songwriter"
23987,mercury records
24010,songwriter
24046,euskopop
24118,nu metal
24123,hymns
24220,filmmusik
24269,ranchera
24482,religiosa
24488,ligt jazz-soul
24493,hammond
24527,rock 'n' roll
24534,resonator blues
24569,nu-metal
24679,acustic blues
24722,balladen
24786,demenziale
24792,latin rock
24837,indies
24850,musica italiana
24959,undergraoun rap
24991,jazz-live vocals
25060,fado
25127,thrash
25134,blues-electric
25153,texas blues rock
25230,"jazz,funk,blues"
25267,chaos
25284,newage
25450,stoner
25471,yu pop rock
25485,blues-modern electri
25557,sertanejo raiz
25859,polinesico
26095,chicago blues
26218,rocknroll
26334,brega
26368,general metal
26372,melodic metal
26446,open jazz
26505,psychobilly
26523,"jazz,blues"
26547,austropop
26566,forrÓ
26633,k-pop
26673,bossa
26680,roots music
26723,volksmusik
26741,deut-punk
26803,r'n'b
26946,tex mex
26951,punk metal
26963,mexicana
26974,chirldren
26975,messianic
27022,zedeco
27066,acoustic rock
27191,rainbow quartz
27299,latino
27373,general rock
27393,rhythmic noise
27507,bluse
27642,québécois
27652,general rap
27660,broken beat
27868,avant garde
27937,portuguesa
28131,desc
28151,chorinho
28321,metal hardcore
28431,jazz-big band swing
28522,ethno pop
28587,blues&boogie
28591,bandas
28593,rnb soul
28668,west coast
28722,www.aslanmuzik.com
28811,"motown male,groups"
28864,"freestyle,bass,elect"
28930,us blues
29029,"pop,ballad"
29069,sertanejo
29114,breakbeat
29167,funk blues
29220,shoegazer
29292,alternativa
29298,heavy rock
29304,adullt contemporary 
29401,grind core
29410,love songs
29428,old blues
29439,"blues,acoustic"
29473,latvieshi
29520,lietuviska
29549,black
29565,christian gangsta ra
29567,children's music
29791,batuques
29822,white noise
29907,horror punk
29937,latin pop
29988,love
30001,sacred blues
30002,rockn-roll
30010,samba de coco
30333,downtempo electronic
30342,hindi
30353,brass&organ
30382,techno-progressive h
30639,urban club
30697,"electronica,dance"
30704,vocal-ballads
30928,"neo-soul,r&b"
30963,terror
30994,punjabi
31116,folclore
31175,hammond&bluegrass
31222,maracatu
31238,balada pop
31335,romanian pop
31357,suomi pop
31385,pop-rock
31408,poprock
31422,bayside
31433,jam tracks
31462,disney
31536,post-rock
31561,vocal-traditional po
31615,hip hip
31620,jump time
31758,pop&r'n'b
31796,evangelico
31827,horrorcore
31863,schlager dt
31891,alt-country
31935,"hip-hop,r&b"
31974,zydaco
32006,japan rock
32145,flameco&blues
32239,golpel
32338,latin-jazz
32438,austriapop
32601,steel
32733,acoustic guitar
32816,boogie-woogie
32819,global dance
32894,latin pop ballad
32903,rock blues
32933,elektro-techno break
32964,"acoustic blues,strin"
32968,russian independent
33015,band music
33099,barnesanger
33280,piano blues boogie
33301,deathrash metal
33421,rock nacional
33422,brasil
33423,swiss rock
33469,"rock,soul"
33646,"blues: soul-blues,mo"
33671,rock 'n roll
33705,swiss pop
33728,"soul,r&b"
33809,kaffeehausmusik
33817,marimba
33899,musica celestial
33999,son
34075,teddyboy
34101,dance hall
34452,xmas songs
34554,india
34573,dansk pop
34613,soft
34682,porn groove
34702,"blues,jazz,boogie"
34800,italo pop
34955,tagalog
34964,mundart
34975,blues-jam
35023,classic
35177,blued
35181,gregoriano
35261,local
35263,euro-pop
35271,korea pop
35283,general unclassifiab
35304,classic soul
35414,yodeling
35428,sinhala
35541,latin-latin pop
35622,brésil
35643,music instruction
35667,phat blues
35681,blues&jazz
35713,latino americano
35802,u.s.a
35827,travesti pop
35888,swinging rock
35922,ragtime blues
35992,vietnamese pop
36037,pop castellano
36092,grindcore
36233,blues&soul
36263,rap&hip-hop
36334,bagage
36358,la spastic undergrou
36423,hip hop belge
36508,fetenhits
36714,"acid-dub,te4"
36975,"mandarin,canton pop"
36995,fantazi
36996,soft rock
37020,comtemporary christi
37045,romantic
37226,pop italiano
37309,estrada
37324,tv theme
37374,"rock,pop,alt,folk"
37539,rock n' roll
37590,ukulele
37591,oo-hip hop-oo
37617,folk from chile
37647,hardstyle
37711,"westcoast,aor"
37793,contemporary gospel
38073,jazz pop
38103,black music
38113,j
38326,eurotrance
38332,renaissance
38337,müsica clásica
38338,erudita contemporâne
38345,barock
38349,musique militaire
38352,persian-traditional
38371,light
38389,sonata
38411,orchestral
38433,sözlerimi geri alama
38445,classico
38454,karneval
38461,tanzmusik
38496,ballet
38499,"progressive,classica"
38523,operette
38524,english renaissance 
38557,baroque harpsicord
38558,klezmer
38562,classique
38605,flamengo
38608,suomi rock
38626,comedie
38658,histoire
38668,"xxéme ii,electroniqu"
38742,hoerspiel
38752,interview
38757,meditation
38765,old skool
38766,old skool hardcore
38782,classical guitar
38819,nature sounds
38824,moyen-Âge
38825,radio
38831,minimal music
38842,"30's radio"
38844,barocco
38848,lllllllllllllllll
38852,minimalism
38854,indian
38856,religious
38863,classical-baroque
38881,indian music
38890,indian misc
38919,hindustani
38936,oper
38942,sacra
38979,late romantic
38985,indian classical
38999,symphonie
39017,"neo folk,avantgarde"
39069,jköljkjlk
39076,kuoro
39087,lied
39102,"classical,electronic"
39122,church organ
39129,chant
39135,panpipe
39137,g german baroque
39233,kirchenmusik
39245,barok
39271,organ music
39286,general classical
39289,medieval
39292,novedades
39341,hörspiel (kinder
39350,baroque instrumental
39406,gregorian chant
39439,orgel
39495,choral&organ
39497,baroque&piano
39500,klasik türk müzigi
39506,klassisk
39511,religieus
39515,musica sacra
39524,choir
39531,synthesizer
39538,soprano vocal
39614,olds
39629,wind groups
39646,clasical
39692,early romantic&impro
39696,geistliche
39717,operetta
39718,italiane
39737,ma-klassik
39763,"20th century"
39859,nederpop
39874,circus marches
39921,kirchenorgel
39975,flute
39980,instr
40010,himnos
40012,der neue heintje
40101,early music
40111,ficta
40130,"messe,requiem"
40173,band
40253,brass
40264,wind music
40324,koledy
40340,gregorian
40343,sitar
40387,world vocal
40437,"4 acts ballet"
40441,medieval polyphony
40482,radio drama
40525,saxophone
40531,instrumental hindust
40627,classical-piano
40649,extreme metal
40673,teatro
40694,sanskrit
40717,classical-persian
40762,madrigals
40764,klavier
40766,uk garage
40793,holiday
40802,chamber
40804,romantik-piano
40815,contemporary music
40860,canto
40874,barroco
40878,hindustani classical
40889,indian classic
40910,classical symphonic
40920,oratorio
40925,spanis guitar classi
40994,ancient music
40997,strings
40998,disco-cd-koffer
41018,dance and ballet
41069,música para órgano
41086,classsical
41089,indian karnatic clas
41092,persian classic
41112,carnatic
41122,"classical,indian"
41130,marsch
41153,concert band
41156,classical indian
41262,kotimaista
41319,showtunes
41343,art classical
41377,glocken
41378,narodna
41442,ballroom
41469,carnatic instrumenta
41495,violin sonata
41528,old hindi
41605,carnatic-devotional
41650,popera
41673,chants liturgiques
41674,classical indian mus
41688,opéra
41748,symphonic wind music
41768,cours de danse
41824,carols
41852,symphonic suites
41884,christian classical
41913,clásica
42225,concerti
42262,walentynki
42277,romantic chinese lov
42362,sarod
42379,broadway show tunes
42382,malayalam devotional
42400,sacred
42513,"pop,oldies"
42523,brassband
42590,collection
42643,pop classics
42650,coran
42711,valse
42715,música clásica
42741,nativista
42765,audio bible
42872,indian classicla
42924,oboe
42926,ragtime
42945,axÉ
42998,baroque&violin sonat
43027,altro
43033,messen
43035,classical organ
43076,x'tmas
43090,zarzuela
43206,orgue
43210,a capella
43257,musique de chambre
43351,indian classical mus
43373,symphonisches
43374,chor
43426,vocal ensemble
43432,gregorianikk
43434,pompus bristish musi
43550,werke für zwei klavi
43552,concerto grosso
43565,hcm
43627,harpsichord
43642,classical crossover
43687,classical with vocal
43710,suite
43765,solo piano
43797,grupero
43822,instrumental pan flu
43828,baroque harpsochord
43866,klavier baladen
43915,coral
43925,h classical
43927,barock opera
43937,avant-garde
43945,contemporain
43968,voice
43984,light music
44029,cristian
44033,gospel brasil
44036,ebm
44059,klasiek
44061,cl modern
44075,indian hindustani cl
44111,church music
44149,piano classical
44286,romantic&piano music
44347,mind entrainment
44351,rap français
44507,middle eastern
44612,chor und bläser
44627,hindi film soundtrac
44678,india fusion
44754,movie track
44777,electroacoustic
44828,chans. française
44889,piano music
44933,raga
44963,kantaten
44990,"70s"
45004,bhajans
45019,orchestral suites
45118,evangélico
45135,organ classical
45138,romantic-symphonic
45139,"klassik,kirche"
45145,choir music
45148,classica
45182,indian carnatic clas
45200,klassiek
45217,classical-20th centu
45305,indian carnatic
45306,song
45447,ball musik
45515,indian clasiscal
45520,ecm records
45535,trios
45549,baroque lyrique
45555,classical saxophone
45622,organ&sonata&empfind
45758,classial piano
45806,tamboora
45835,domra
45845,"classical,romantic e"
46076,progressive opera
46154,broadway
46156,kirtan
46471,natural sounds
46595,spanish guitar
46628,romantic piano
46630,rezitation
46837,"17th century dance"
46857,enka
46882,dhadhi
46940,electroni
46946,kunstlieder
46987,caroll
47018,orchester
47022,classical-romantic
47072,jingles
47124,d english italian ba
47140,clàssica
47192,orchestra
47199,cameristica
47226,popular-fado
47296,weihnachten
47340,bassoon quartet
47419,performance
47497,pianoconcerto
47508,carnatic-instrumenta
47518,modern
47527,ensemble
47550,"nationalist,russian"
47594,acustico
47619,mid-baroque (1660-17
47624,folkrock
47630,"instrumental,classic"
47662,progressive
47685,motets
47769,ag electronic
47772,military band
47773,santoor
47969,"disco,dance"
48035,baby
48049,gitarre
48065,joulu
48100,gurbani
48119,kunstlied
48145,moderne-piano
48150,"classical,jazz"
48204,contemporary classic
48284,woodwind quintet
48290,t post modern contem
48343,wind ensemble
48344,"classical,orchestral"
48487,konzert
48674,iraqi
48698,post modern contempo
48746,symphonie-orchester
48966,classics
48982,experimental
49007,accordion
49012,string quartet
49040,dichterlesung
49073,wind orchestra
49138,classical-guitar
49217,classical-choral
49226,indian classical-car
49266,modern-classical
49275,harpsicord
49304,symphonic poem
49315,"vocal,religiosa"
49436,villancicos
49518,classical indian rag
49578,classic guitar
49683,holiday-christmas
49863,synphonies
49897,songs
49907,dancefloor
49908,classical instrument
49919,sinfónica
49993,classical-new age
50009,orchestral electroni
50038,drum corps
50130,carnatic classical
50152,medival
50158,bolivian
50341,musikalisches hörspi
50364,moderne-orchester
50430,klaviermusik
50439,classical&instrument
50604,valsas
50640,book
50696,audiobooks
50827,musique orchestrale
50846,"20e siècle"
50858,classical-lieder
50861,weihnachtsmusik
50949,hi hop
50951,japan
51024,baroque opera
51061,xmas
51124,classical-vocal
51159,total
51194,minimal
51391,contemporary opera
51404,"opera,rock"
51567,klavier&orchester
51635,"classical,pop"
51636,modern classical
51698,xxème i chambre
51727,easy
51744,international
51856,improvisation
51879,early romantic&song&
51892,symphonica
51910,trio
52329,iran
52348,brass quintett
52395,classical-live perfo
52406,classical-early
52534,sopranduette
52559,contemporary class
52561,"klassiek,gitaar"
52563,dharmik
52615,oratory
52701,rock-a-billy
52809,general class
52841,konzerte
52862,classical-chamber mu
52989,early
53007,kannada
53049,claccical
53151,classical saxaphone
53169,traditional christia
53175,brass quintet
53228,classical vocal
53239,idm
53279,klassik-orchester
53347,"classical,symphony"
53349,christian hymn
53373,audiophile
53386,rétro
53390,palexa
53404,symphonique
53420,sacred choral music
53444,alte musik
53481,erzählung
53508,bibel
53516,ouvertures
53522,piano&orchestra
53580,trombone quartet
53627,cello
53673,prelude
53761,symphony music
53790,ancienne
53820,lyrik
53877,martin
53888,genius
53894,"jam rock,experimenta"
53939,organo
54162,violin concerto
54167,chinese
54239,corale
54304,calssical
54348,violin solo
54391,klassik-sacré-orches
54422,n modern french
54768,minimalmusic
55011,symphony orchestra
55032,edimaf
55044,sg
55106,"20th century classic"
55185,karnatic
55261,arabic
109921,literatur
109928,harspichord
109932,romances
109947,villa-lobos orchestr
110001,family
110006,neoclassical
110166,chambre
110203,old fashioned
110204,romantique
110218,etnic
110240,bach
110300,opera-ballet
110383,stage and screen
110409,early english music
110429,aa
110517,chinese music
110530,hip-hop-dirty south
110531,klassik 19.jhdt
110667,renaisance
110680,baroque harpsichord
110722,portugues
110783,trumpet
110841,negro spiritual
110904,sacred vocal
110980,"meditation,chant"
110991,folk metal
111004,q modern italian-spa
111035,symfoni
111174,missa
111192,medevial
111338,p modern russian
111362,japanese music
111552,oratorium
111580,symphony suite
111616,concerto per strumen
111674,clasic
111698,oprah
111735,klasik
111752,piano impressionism
111916,classical 20th
111929,ilahi
111963,kristen barnesang
112023,classical-corossover
112189,american musical
112202,"organ,classic"
112257,demo
112266,organ&choir
112301,harp
112315,teatro religioso
112406,crust
112420,cl
112451,chaâbi
112453,arab
112468,musique de chambre c
112514,violin sonatas
112577,classical-madrigale
112748,piano trio
112801,classical&fortepiano
112868,contemporary improvi
112947,moderne-chambre
112958,sinfonia
113071,tape music
113092,russian rap
113128,malayalam-devotional
113156,clas
113170,anthems
113209,baroque-sacred
113351,emi toshiba
113356,songs for children
113420,carnatic veena
113490,j post-romantic
113511,religieux
113566,funk disco-funk
113629,sludge
113713,classical-opera
113903,konzert. blasmusik
114110,jazz-brazilian jazz
114142,spanish music
114165,violin and orchestra
114361,european pop
114443,"nature,music"
114511,classical-brass
114584,classic collection
114593,hcm instrumental
114641,ferko
114723,"klassiek,populair"
114730,pray
115030,o modern french
115069,opérette
115087,sinfonische blasmusi
115104,barock-guitarre
115113,classical christian
115117,classical pop
115154,string trio
115191,opera-spanish
115220,piano&fortepiano&ear
115344,"classical,new age"
115396,jewish
115453,symphonische musik
115513,geistlig chor u. orc
115619,volk
115660,poemas
115686,carnatic-fusion
115704,general world
115792,laulu
115794,palm court
115799,"piano,cello. violine"
115888,"classical,modern"
115966,piano sonata
116070,baroque&cantata
116171,klassik-klavier solo
116187,christian instrument
116272,classical world
116294,expressionism
116316,cam-serenade
116326,soundtrack-classic
116465,organ-romantic
116598,traditional
116604,kammermusik
116651,pre-romantic&romanti
116670,"romantique,symphoniq"
116712,metalcore
116765,jazz-3rd stream
116822,classical sacred
117075,klssik
117088,carnatic fusion viol
117090,quartett
117100,i romantic
117160,napoletana
117185,film music
117260,eglise
117283,opera comique
117324,relax music
117330,nature
117443,hindustani vocal
117457,piano quartet
117488,católica
117538,arien
117550,classical-quartets
117617,organistica
117667,"classical,lieder"
117725,bébé
117730,krautrock
117742,claassical
117747,dark ambient
117778,lyric
117803,literature
117885,paino
117932,educational
117980,light classical
117993,christmas: classical
118046,salon music
118082,"classique,flûte de p"
118100,"classical,choral"
118159,swedish
118244,bellydance
118264,renaissance-vocal
118296,wind
118299,arab andalouse
118350,klavier trio
118400,arbiter
118505,canzone italiana
118509,japanese classical
118520,semana santa
118543,alternative choir
118560,mathrock
118567,"christelijk,live,ker"
118595,myanmar classic
118650,concierto for guitar
118937,violino classico
118939,medieval and renaiss
118951,decca
119022,brasil forró
119069,gregorianische gesän
119094,ballett
119129,soprano
119140,solo guitar
119169,sbor
119215,klassic
119275,spain
119363,sound clip
119402,overture
119521,manni
119534,tekken original
119542,chanson francaise
119592,tsm
119705,choral-organ-carillo
119802,rezital
119809,kristen
119832,classical rock
119843,piano improv
119902,orthodox chant
119921,"classical,orchestra"
119983,pakistani
120024,grégorien
120096,visual classical
120132,bach organ
120149,mass
120324,pasodobles
120331,"vocal,classical"
120415,"hörspiel,hörbuch"
120485,chamber-live perform
120500,classical-symphony
120544,clor
120562,trailer
120601,"brass,ensemble"
120605,christian worship
120612,ancient
120685,celtic symphonic
120686,american classical
120765,orchestral-romantic
120823,"70' rock"
120841,klassik 20.jhdt
120949,peaceful
120983,cello&orchester
121010,liturgical
121150,vietnam
121199,romantique&piano
121335,orquestra
121340,portuguese tradition
121429,flamingo
121464,cuarteto
121472,hyms
121510,"classical,vocal"
121539,psychadelic
121567,orchestral pop
121628,geistliche lieder
121722,königreichslieder
121880,symphonic tribute
121904,classical opera
121936,classical (chamber m
122021,ballet music
122069,christmas orchestral
122081,gleek
122094,wave
122114,african
122158,cristal organ
122170,instrument
122188,european minimalism
122193,arias
122350,piano instrumental
122377,counter tennor
122431,romantik-sacré
122452,american composers
122619,cristão
122714,tamil soundtrack
122847,deutschrock
122883,harmonie
123014,deutsch rap
123025,classical (piano
123038,keyboard
123100,german
123104,in-fidelity
123187,karnatik
123285,classic swing
123361,bangla remix
123487,orgelmusik
123617,dig the fuzz
123628,corse
123790,"world music,south in"
123839,fanfarenzug
123863,soul funk
123874,türk pop
123912,modern classic
123975,instrumentaal
124029,progressiverock
124034,requiem
124098,geistlicher gesang
124152,westcoast
124154,wedding
124166,chinese flute
124169,barocque
124209,book on cd
124231,female vocal
124334,"klassik,orchester-ch"
124412,s modern american-en
124596,volkstümlich
124899,laika
124921,rock and roll
124954,jul
125204,evangélica
125226,turkish classical
125313,cloncerto
125314,concert
125344,lieder
125460,clas-peça
125524,holidays
125703,modern classig
125727,"xxème i,lyrique"
125733,myanmar oldies
125910,iranian
126029,thai classical
126155,general pop
126176,jangle pop
126243,sacred music
126287,romantic era
126446,kaka
126611,bl
126661,accordeon
126690,steel band
126872,rac
126887,pasodoble
126888,danseband
126892,musique religieuse
126909,christmas carrols
126964,romantik
126996,regional
127038,mediaeval
127115,urdu ghazals
127321,trumpet&organ
127356,pohádky
127404,entexno laiko
127427,christmas music
127446,arabian
127458,symphonic power meta
127483,pop-classic
127604,lovesongs
127715,"baroque,early classi"
127837,recital
127914,iskelmä
127922,general hip hop
127952,"classical,piano"
127983,harp&flutes
128005,klassik-konzert
128131,philips
128139,classical christmas 
128193,"band,orchestra"
128249,indian popular
128379,romântico
128386,chant grégorien
128496,easy listen
128629,easy-orchestra pop
128679,lirico
128686,"pop,chinese"
128739,music of the winds
128910,trio sonatas
129010,string quintet
129062,devocional
129110,berceuse
129114,archive
129142,hafabra
129170,christian orchestral
129200,portuguese classical
129301,wind symphony
129366,türk klasik
129392,solo trumpet
129462,klassik-oper
129501,sinfónico
129529,hindi ghazal
129568,cantautor català
129571,bläsermusik
129585,paradmusik
129597,rock italiano
129603,ogel
129649,pop classical
129704,q modern italian
129720,sakral
129746,orcestral
129848,classical flötensona
129883,romantic classic
129904,musique de film
129918,romântica
129926,hafif müzik (akdeniz
129954,classical-organ
129955,guitar rock
130075,noël
130107,solo organ
130233,vokal
130308,klassik gitarre
130318,pop-classics
130346,hengellisiä lauluja
130392,seasonal
130459,srk
130498,"klassik,allgemein"
130549,catolica
130690,folk arabian
130704,renaissance espagnol
130723,instrumental (piano
130728,chormusik
130765,zongora
130768,movies
130797,louvor
130806,solo instrumental
130847,classical piano-live
130941,romantiek
130983,coplas
131000,canciones tradiciona
131071,armenian
131151,xxème i concerto
131265,indy rock
131288,praise
131321,"spanish guitar,class"
131337,metal opera
131379,nocturne
131479,holiday music
131481,polskie koledy
131554,sa band
131649,"classical,organ"
131759,jovem guarda
131813,show
131828,religous
131868,orthodox christian
131896,neo classical
131970,early romantic&piano
131974,organmusic
132029,canto gregoriano
132032,reggaeton
132036,progressive pop
132161,"jazz: cool,ballads,s"
132206,brass ensemble
132236,geistliche musik
132242,chachacha
132418,bof
132452,vallenato
132486,classic-rock
132517,natalino
132602,mittelalter
132726,oldies christmas
132781,instrumental barocco
132795,classical gosp
132962,march
132989,melodico
133102,solo
133164,oi
133166,instrumental guitar
133182,publicité
133202,cantata
133224,classic choir
133253,antike musik
133272,valsa
133486,compliation
133524,chöre
133527,chill out
133679,rômantico
133781,xix century dances
133846,bibelen
133870,miscelanious
133902,madrigal
133916,relish
134035,early baroque (1600-
134069,musique plate
134080,ambiance
134101,gitarre spezial
134115,cello rock
134134,"flamenco,jazz-fusion"
134178,klassik pop
134181,classical&ballads
134193,popular classical me
134258,quartet
134265,"1900 dances"
134532,weihnachtslieder
134713,knihy
134734,classical spanish
134750,garage rock revival
134842,romantic period
134884,camara
134967,klasika
134972,sacred polyphony
135011,sacré
135031,bläserquartette
135037,bassoon
135139,christian contempora
135145,sinfonie b-dur kv 31
135176,guitar solo
135237,vhg
135341,vocal opéra
135430,baroque&consort&cham
135546,klaver
135610,classicas
135640,aussie hiphop
135702,chorale
135723,korps
135749,turkish
135797,paso doble
135801,jive
135835,choral-sacred
135934,gitar
136057,keine
136094,symphonic winds
136106,saxophon
136241,children's
136350,byzantine
136451,kerstmis
136475,deportes
136479,lenta
136503,latvian chorus
136584,"classical,opera"
136591,outsider
136600,cd
136633,pokus
136642,musical's
136731,string music
136846,opereta
136868,folclor
137037,christian classic
137042,de
137052,jj
137066,"f,m"
137262,modern classics
137291,patriotic
137375,choir and organ
137382,lotti
137420,balade french
137425,art
137488,gesang
137537,player piano
137551,classica:boccherini
137624,orkestband
137648,rumba
137670,hollands
137838,studio
137851,chrétien
137894,sacred choral
137907,für gemischten chor 
137946,seefestspiele
137956,lesung (de
137961,old
138036,cllasical
138043,christmas choir
138053,fantastic plastic
138063,música antígua
138100,swf baden-baden
138127,arabe
138147,early latin church m
138210,spanish
138322,clacical
138329,swedish romantic sty
138332,classical-symphonic
138355,piano solos
138380,"classical,sacred"
138396,keyboard works
138529,norsk
138572,guitarra clásica
138586,clarinet
138613,balett
138777,musicals
138846,oera
139028,melocid power metal
139050,xrydah inc
139079,many
139083,sampler
139175,artrock
139269,viol consort
139307,akustik guitar
139324,instrumental-brass
139336,chor musik
139356,classical&pops
139361,n modern german
139509,mics
139512,"christmas,advent"
139583,modern opera
139657,gazal
139684,hinos
139699,iskelmiä
139866,piesne pre deti
139886,christlich
139926,trumpet concertos
140146,aaa
140172,clasica-vocal
140246,"70er"
140343,unclass
140396,musik
140408,acoustics
140448,m modern hungarian
140553,game soundtrack
140591,classical education
140609,flute-recorder
140732,liubimyi
140735,bengali songs
140747,weihnachtmusik
140759,weihnacht
140796,neoclassicism
140842,barock opra
140910,classik
140981,classical-piano musi
141081,classsical-opera
141095,pianoforte
141103,neo-mediæval
141110,calassic
141115,uk hip-hop
141123,instrumental piano&h
141129,religijne
141136,"early,medieval,folk"
141252,australia
141295,klassik-klavier
141444,new metal
141448,traditional pop
141466,"classical,guitar"
141500,classical guittar
141518,easy listning
141614,vlaams
141643,médieval
141764,slassic
142145,cha cha cha
142168,christliche musik
142178,scottish country dan
142193,myanmar pop
142206,irish harp
142314,walz
142348,geestelijke lieder
142368,gasoline alley-mca
142386,christmas classic
142505,hornsby oriented
142507,"classical,acoustic"
142554,fútil
142855,classiscal
142883,volcal
142988,bozicni
142994,classical-pops
143006,korsang
143026,marches
143133,trompette
143145,harmonica
143173,der malorka party mi
143223,salvation army
143264,pop it
143272,"hip-hop,rap"
143311,easy listening piano
143454,gregorgian
143458,lute music
143633,trombone choir
143741,musica antigua
143788,india classical
143889,oriental fusion
144035,trad. christmas
144112,choral mass
144246,"baroque,chambre"
144425,mulatós
144426,western
144430,svensk country
144552,free improvisation
144586,countryrock
144590,niederländisch
144594,fh
144652,comédie musicale
144653,volksmusik und schla
144722,honky tonk and rocka
144740,general country
144769,acoustic pop
144774,children pop
144796,old-time
144798,vaquejada
144802,"pop,country"
144829,vaneirão
144843,axÉ-forrÓo
144848,bumba boi
144879,"tex-mex,conjunto"
144897,popular mexicana
144901,alt country
144921,party ned
144940,country gospel
144962,"country,sertanejo"
144964,gauchao
144993,powerpop
145029,christian gangsta
145035,contemporary country
145043,texas
145104,contry
145119,dansk
145129,rn'b
145206,funky
145223,line dance
145263,shit
145347,childrerns music
145388,country&western
145398,texas music
145403,bandinha do sul
145476,as
145512,quebraditas
145520,leggera italiana
145587,ambitna
145590,sevillanas
145677,old time
145686,canción española
145691,island
145733,cowboy
145747,texan
145749,sertaneja
145757,novelty
145795,classic country
145815,altcountry
145850,country comedy
145903,nederlandstalig fees
145947,suomi
146008,gaúcho
146010,yxc
146037,honky tonk
146070,apre ski
146166,sevillana
146177,lydbok
146206,hillbilly
146255,banda
146260,sacanagem
146344,texmex
146387,oldies (englisch
146410,fox
146417,ragga
146466,populara
146499,"country,sertaneja"
146511,fußball-hymne
146702,pop musik
146758,tríos
146788,counrty
146868,party trance
146918,native us
146945,celtique
146967,lambada
146974,country-rock
147044,alt. country
147065,australian country
147097,balada norteÑa
147100,spargelcore
147293,sertanejas
147315,hindi classical
147362,country&wester
147409,country (texmex
147450,bandinha
147543,sertanejo (br
147545,neo rockabilly
147583,atavistic
147607,country pop
147616,countey
147644,musica brasileira
147744,"country,noise,punk"
147780,west-coast rap
147798,country rap
147811,talk
147812,early country
147853,es
147857,rock en español
147893,christian country
147927,vanera
147931,traditional country
147982,male
148003,thrash sem noção
148029,cantautori
148052,native songs
148088,kjfd
148095,chilena
148156,altern. country
148189,greek old songs
148191,norteñas chicanas
148209,bush roots
148215,oldtime
148228,arpa
148261,frzjfrj
148287,zouglou
148308,irish
148332,rodeio
148360,prog rock
148439,ddddd
148462,"country,cajun"
148477,world-persian
148512,folk noir
148544,brasileña
148587,conjunto
148612,norteña
148627,southern gospel
148670,classical country
148714,"folk,country"
148789,country-texas
148904,picking
149012,africa
149034,musica norteña
149037,general religious
149136,gaúcha
149169,country christian
149254,portugal
149330,viola
149379,indonesia
149395,son jarocha
149506,norte o
149567,warner music
149581,hindi non-film
149608,musica ranchera
149643,dansband
149689,violeiro
149716,african blues
149736,francais
149879,country christmas
149929,velhas cancoes do br
149944,women
149971,way cw
150052,alt.country
150069,chaoscore
150103,cumbi norteña
150300,instrumental country
150314,country-dance
150373,cantautori italiani
150391,geezer booty
150510,norteÑas
150576,m p b
150601,folk singer
150627,"country,oldies"
150713,urban cowboy
150714,brasil choro
150731,red dirt
150788,piadas
150844,kareoke
150884,blue grass
150907,mariachi
150949,mexican
150968,texas country
151015,tipico
151026,western swing
151101,raiz brasil
151197,euskal musika
151231,couuntry
151310,bhangra
151374,nu-grass
151405,hard core
151590,vollblut-musiker
151645,charra
151753,country chritian
151756,southern-rock
151768,country-old time
151966,gaucha
151999,evangelica
152119,regional mexican
152126,from canada
152140,"vocal,country"
152296,slacker country
152434,setanejo
152536,tettekeruis
152584,irish folk
152607,rock country
152631,newfoundland
152665,bluegrass gospel
152706,austrian country
152793,rock español
152915,irsk
152917,baiao
152990,caipira
152997,gauchesca
153043,primus
153045,shristian country
153156,sertanejo romantico
153163,garage rock
153277,irish rock
153299,ned tex-mex
153339,dvd plus
153366,indie-folk
153371,urban folk
153463,kölsch
153510,trucker music
153514,outlaw country
153567,cowpunkabilly
153650,"viking,pagan"
153732,country new
153742,cd-kiste-keller
153745,countryt
153797,internacional
153864,christmas carols
153885,apartment music
153889,"karaoke cd,g"
153954,thumbpicking
153970,"alternatif,country"
154044,"country,blues,rock"
154186,gaúchas
154201,central asian
154204,gaúchos
154237,"pop,rock,country-roc"
154343,gauchas
154565,norteñas
154606,rock-adult contempor
154779,sertão
154815,easylistening
154822,fiddle
154928,country gospel walli
154995,chamorro
155017,dutch
155040,english country musi
155220,d&b
155359,afrikaans folk songs
155371,napoletani
155429,alternative pop
155450,schlager-pop
155510,hjkjkjk
155553,"rockabilly,country"
155561,pop romantico
155581,latin music
155708,rykodisc
155793,bip-hop
155875,alternate country-ro
155996,trampska
156049,l'age d'or
156110,hollywood records
156123,danish country
156151,bluegrass fiddle
156235,rockville records
156271,"kölsch,karneval"
156290,roadhouse rock
156335,pure texas country
156346,altern.country
156483,tropical
156551,brasil country
156561,american folk
156573,stimmung
156579,conte
156580,latin-brazilian
156678,sertanejo (brasil
156700,rockabillie
156716,texano
156743,to be classified
156843,rockdf
156856,old school country
156983,"rockabilly,hillbilly"
156987,newgrass
156991,hick-hop
157008,mountain music
157016,"alt-country,american"
157025,sounds of nature
157057,"folk,pop"
157101,stoner metal
157190,pro 101
157240,lapset
157356,deutsche schlager
157428,gospel bluegrass
157479,normal records
157496,populaire
157574,"rap,hiphop"
157579,semba
157591,étés fr
157644,moda de viola
157660,cançó en català
157691,"50er ctry"
157723,c&w
157754,oktoberfest
157928,big-beat
157970,county
157983,folk-pop
158015,christian music
158025,raízes
158034,rai
158081,paródia
158090,"cajun,texmex"
158219,psycho country
158293,stimmungsmusik
158302,country-s
158375,cuarteto cordobes
158379,rockabilly country
158397,"70s country"
158414,"country,lite rock"
158421,música sertaneja
158514,ccc
158570,deutsch country
158586,a&m records
158600,colombiana
158701,slow country jazz
158732,i believe
158747,countrypop
158847,humor caipira
158901,alternative countr
158937,bailão
158942,brezil
159015,"western,gospel"
159158,pagade
159250,"rock,hip-hop"
159251,cristian country
159311,cape verde
159475,american recordings
159493,karnaval
159509,italo musica
159545,volksmuik und schlag
159562,schwabencountry
159626,créole
159669,gypsy
159761,trad-country
159832,schlager und volgsmu
159849,axe acustico
159916,salsa y bachata
159942,gaucho
159974,contemporar
159998,cumbias rancheras
160080,vountry classics
160096,narcocorrido
160097,tack
160140,gauchesco
160178,neo-rockabilly
160252,country folk
160277,orthodox country
160293,turkish oldies
160307,ultrapop
160331,musica pernambucana
160387,square dance ms
160408,texas swing
160468,carimbó
160532,folk brasil
160537,"country,folk"
160575,bandinhas
160620,ludova hudba
160700,"country,seresta"
160704,nashville country cl
160751,bagpipe
160772,stranieri
160781,marche
160813,coutry
160825,new country
160834,skiffle
160891,musique du monde
160959,kral muzik
160990,rancheras punkys
161084,compact disc
161145,audio
161227,gothic country
161250,zabavna
161261,country-pop
161336,greek music
161391,llanera
161409,truck songs
161471,music
161497,"schlager,country,fol"
161522,"jazz,swing"
161544,été internationale
161569,rockn roll
161574,dj
161611,bajka
161614,hit mix
161622,motivational
161646,pohadky
161662,interviews
161664,neue musik
161675,world-indian
161684,ebook
161698,software
161714,fantasy
161723,natural
161750,spa music
161784,otro
161786,sermon
161807,language learning
161808,hörspiele
161826,computer game data
161847,drum&'bass
161881,film
161896,kpop
161898,phowa :
161901,cawntry
161941,learning
161971,electro-pop
161985,nu-disco
161989,sound colection
161997,singer songwriter
162048,video cd
162061,party house
162069,languages
162076,"soul,dance"
162112,spoken
162114,kindergeschichten
162122,cd-single
162159,lady trance
162179,copilation
162226,apres ski
162233,feest
162276,learn spanish
162280,old time radio
162310,pop.nacional
162323,dnce
162330,italo-dance
162334,language course
162352,vocal trance
162355,"jazz,world"
162374,makina
162381,"karaoke w,vocal"
162386,quicksilver recordin
162444,curso
162465,comic
162471,skadanka
162500,spiritual
162568,vocal club
162573,infantiles
162575,chicana
162587,hip hop-electronica
162595,lyd-bog
162596,"folk,austria"
162606,seresta
162622,"pop,dance"
162637,licoes de portugues
162777,datatronics
162797,"hörbuch cd 2,2"
162798,jazztronica
162825,disco fox
162833,polski hip hop
162840,audiobook on cd
162845,speedcore
162848,urban
162870,synthi-pop
162877,carnaval
162905,euro-dance
162912,psychedelic trance
162920,modern composition
162937,english lessons
162941,improv
162970,novel
163021,"world,folk"
163022,audiio book
163028,pop. rock
163054,krimi
163055,audio books
163062,"folk,irish"
163063,vietnam music
163095,makina-hardcore
163100,hard dance
163134,cd-bok
163135,study
163141,gesundheit
163156,techno-electro
163173,training
163175,rap u.s
163208,pirate electronica
163214,techno-dance
163236,romanticas
163243,ihuhuz
163251,underground
163280,elektro
163328,"folklore,kärnten,aus"
163360,axe
163363,vyber
163382,canción (español
163398,polsk punk
163436,español
163448,avant rock
163491,twist
163521,general easy listeni
163542,metal fr coriace
163557,talbok
163572,vaaz
163577,synth
163589,franstalig
163599,gedichte
163617,happy hardcore
163655,poetry
163678,"folk,iinstrumental"
163682,nihil black metal
163704,story
163745,rap nacional
163788,progessive
163806,hard house
163834,abstrack hiphop
163838,monolegs
163842,local music
163850,postrock
163880,general
163886,phish
163904,lyd bog
163908,"rap,japanese undergr"
163923,education
163930,choremas
163931,stories
163933,skronk-pop
163944,mix deep usw
164011,triphop
164024,taalcursus
164033,us heavy metal
164069,"folk,Österreich"
164093,eventyr
164127,books
164129,space stoner rock
164154,childs
164160,foreign language
164204,information
164213,knowledge
164227,"8bit live pa"
164231,yoga
164247,elektronik
164250,dyke rock
164260,märchen
164273,party dance
164326,fairytale
164352,brite
164356,"klezmer,klassik"
164374,"world,ethno,senegal"
164384,roll
164405,rhythmic
164522,avant blues
164529,teen pop
164548,punjabi pop
164553,musik für kinder
164568,hop
164574,höhrbuch
164600,improv folk
164605,audio course
164619,märchenhörbuch
164637,"folk,celtic,canada"
164689,progressive-house
164724,books on cd
164746,power electronics
164751,us epic heavy metal
164834,yu narodne
164841,mp3
164848,chill
164890,grupera
164947,british pop
164958,"folk-rock,celtic,can"
164970,others
164975,eletrônica
164990,love song
165018,grind
165031,"folk,british"
165037,cumbias
165068,"folk,usa"
165091,electronique
165112,carmusic
165116,elecronic
165158,indietronics
165159,"folk,scottish"
165175,god's worship
165204,fd f
165208,tehno
165275,"banda,cumbia"
165297,"folk,yiddish"
165303,skapunk
165330,"dance,pop"
165396,el salvador
165450,us progressive metal
165454,christian contemp
165488,nwobhm heavy metal
165525,hard-rock
165542,videgame soundtrack
165553,dooddd
165572,finance
165587,folk-rock-blues
165601,hebrew
165664,été francaise
165666,colombiano
165671,cross over
165684,"popular,italian"
165689,lecture
165707,fußball-songs
165718,"folk,austropop"
165735,hip hop expérinmenta
165743,pap
165757,celtic heavy metal
165768,"pop,latin"
165791,popstars
165875,asdasdascdasdas
165876,kids music
165899,trailer trance
165918,religioso: cristiano
165951,drumandbass
165986,ethno
165989,hörbuch (thriller
166018,"world,ethno,africa"
166037,"drum,bass"
166083,norteÑo
166094,darkelectro
166114,corridos
166122,pranks
166129,pop cristiano
166145,sirtaki
166147,brutal death
166163,japanese under
166176,dt. schlager
166180,"folk,finland"
166211,bay area rap
166214,dansk rap
166224,folk irish
166238,austriaca
166305,"irish folk,instrumen"
166361,korean hip-hop
166471,"alternative,world,is"
166494,doom metal
166495,indie christian
166501,diskofox
166605,music marketh
166618,audio book (abridged
166646,folk südamerika
166665,"newfoundland,traditi"
166683,c.c.m
166686,kungfu
166720,"cahnson,austriaca"
166730,didgeridoo
166754,hymn
166761,electroniq musique
166789,crossver jazz
166800,dsa
166801,disko
166845,fisz
166856,playstation-krach
166871,jazz house
166881,"folk,world"
166882,deutscher schlager
166891,world südamerika
166922,digital noise
166978,us thrash metal
166980,bolero ranchero
166986,"folk,easy listening"
166997,ccm (contemporary ch
167013,br brega
167096,indie pop
167099,riffs
167178,"gospel,blues"
167182,"ethnic,africa"
167208,ranceras
167211,bossa samba
167214,latin rap
167226,electronic hip hop
167231,"alt. pop,rock,emo"
167244,"folk,celtic,spain"
167259,opm love song
167280,rancheros
167302,histoires enfants
167304,poesia
167330,"greek,folklore"
167340,game ost
167388,reggae-dub
167417,chillout
167442,mÚsica bahiana
167472,instru
167507,alternative german
167580,acid techno
167581,zouk-rnb
167591,hip-hop cubano
167593,merenge
167607,marmelade
167642,vocal-parody
167684,minimal industrial
167726,"world,portugal"
167732,"irish folk,instr"
167741,sound collection
167745,sprache
167750,technopunk
167772,"chanson,austropop"
167804,flash
167814,audiobuch
167815,vocal drops
167830,ska punk
167895,"liedermacher,austrop"
167898,christian hip hop
167900,hard trance
167901,"folk,celtic,crossove"
167921,language audio
167929,hardtrance
167978,space rock
167985,colombianas
168021,all in one
168037,"8-bit magic"
168055,"kärntnerlied,folklor"
168078,hoerbuch
168109,yu folk
168124,rock acustico
168126,archaicitalicmetal
168142,cristao
168167,paid
168175,theme
168217,electro-rock
168233,bit different really
168237,"jazz,austria"
168420,amerindian
168426,chanson france
168438,belly dance
168442,panflöten-quäler
168445,"rock,swissgerman"
168451,balalaïka soliste
168456,szanty
168480,folk rock
168486,british folk
168495,"gaúcha,nativista"
168557,fahrtenlieder
168572,folklore boliviano
168603,fuzz folk
168604,magyarnóta
168616,cover
168634,rock francais
168637,turkish modern folk 
168720,electronic beats
168747,drums
168757,koranic chant
168768,swissfolk
168769,florklore venezolano
168804,french chansons
168856,recopilacion
168888,italian folklore
168902,atl shit
168908,bali
168913,maschio
168937,irish traditional
168941,pornofolk
168954,gorolgrass
169030,france
169075,jazz-bossa nova
169079,gammeldans
169089,capitol records
169096,folkemusikk
169146,pop brasilero
169264,english folk
169293,børnefortælling
169322,ländler
169334,english whimsy
169340,strange folk
169404,bg
169446,ländlermusik
169505,neo folk
169566,vastelaovend
169597,copla
169610,folks
169647,demotic
169649,greek folk
169720,flamenco rock andalu
169727,top 40 2005
169736,gangstarap
169796,"karneval,stimmungshi"
169803,holiday folk
169860,nouvelle scene fra
169909,middle east
169931,folk portugal
169935,sea shanties
169947,filk
169972,chalga
169979,fandango
169985,celtic folk rock
170000,chanson franaise
170014,folk turk
170017,chassidic
170081,steirische volksmusi
170115,storytelling
170138,kotimainen perintein
170151,tejano
170162,jodel
170182,classis
170235,promo cd
170271,drinking songs
170297,strane-evergreen
170298,russian folk
170314,mexicanadas
170320,fast folk
170324,tecno
170331,viserock
170461,jesus music
170478,brasilera
170479,"rock,dansk"
170504,alt dixieland
170510,pop folk
170518,"new age,world (celti"
170524,hungarien folk rock
170566,"alt. rock,grunge"
170600,ballermann
170613,chinese trad
170659,russian
170670,romance
170690,world beat
170714,corsica
170725,songfestival
170744,gaellic hip-hop
170779,irish music
170849,clay
170883,eurosong
170892,lastelaulud
170937,andean
170988,gabon
170989,tzigane
171015,disco-folk
171121,arbeiterlieder
171173,"trad,france"
171176,blues-folk
171249,regga
171269,irishiana
171271,deustch
171295,folklore-rap
171305,cuban
171310,mariachi (mexico
171328,foclore
171358,cumbia y salsa
171384,columbia
171397,dreamworks
171447,"cha cha cha,bolero"
171468,hardingfele
171533,soundtrack (single
171575,acoustic folk rock
171637,frevo
171686,post-punk
171772,dansk party
171791,hawaiian slack key g
171792,mexican music
171796,popullore
171807,austro-pop
171836,scottish folk
171933,étés
171983,folk electronic
172004,vocal-male
172038,"folk,bluegrass"
172095,tahitian
172096,kor
172124,atl shyt
172129,klape
172154,bayerisch
172157,tarab
172232,m 306
172240,boriqua
172256,chaman
172269,seemannslieder
172272,baião
172285,friestalig
172323,traditional irish
172371,goorse school-&volks
172414,math rock
172426,chemikal
172435,"holiday,family"
172438,eastern european
172513,loyalist
172587,world misc
172616,latin groove
172620,acordeón
172668,folk dance
172673,folk-labor&poli
172685,christian classic ro
172694,capoeira
172710,indiepop
172798,christian musical
172844,gospol
172924,jazzy folk
172972,medieval dance
172987,mambo
172991,svenskt
173011,duitse volksmuziek
173027,veranito
173032,general latin
173034,finnish
173051,gronings
173074,zweeds
173082,helmut lotti
173141,greec
173146,talk show
173160,shanty
173170,scottish traditional
173308,korean folk
173322,"schlager,lieder"
173353,dark folk
173356,danskpop
173371,romanian folk
173374,ddr
173400,dance-ecd
173474,hair metal
173495,local-iowa city
173541,discofox
173557,ital. pop
173569,cumbia hip hop
173571,"hip hop,rap,general "
173577,schweiz
173664,salmer
173666,chamamé
173695,klassiker
173699,folk aragones
173703,klapa
173720,lullaby
173723,confederate
173808,guggemusig
173830,humppa
173835,rk song
173842,shamanic
173871,apocalyptic folk
173954,chanson ukrainienne
173986,"folk,cigány"
173987,caribbean
174037,greek songs
174073,maxi-cd
174120,corn
174134,hungarian folk
174178,neofolk
174187,candombe
174201,city song
174230,western funk
174257,christmas puerto ric
174277,"a capella,kärtnerlie"
174332,homo
174353,greatest hits
174370,folk-hiphop
174412,"soul,funk,slow"
174419,spazz core
174423,percussion
174426,sufi music
174461,chinese pop
174479,christian crap
174524,dansktop
174562,ihr aktuelles genre 
174583,schweizermusik
174614,remetico
174621,costa rica
174695,pop jawa
174702,sub pop records
174712,power folk
174728,scottish
174831,twang records
174900,spanish dance
174930,israeli music
174945,ethno-rock bayrisch
174949,"qawwali,fusion"
174975,absurd
174980,quality music
175024,world (drums
175034,norsk folkeleg dans
175095,rempetiko
175164,maxis
175173,pop-french
175239,levenslied
175246,"folk-rock,pop,rock"
175249,suomi tanssimusiikki
175282,awesome
175345,medieval ballads
175364,"ländler,jodel"
175377,pontiaka
175475,viking metal
175498,kinderliedjes
175661,bulgarian folk
175673,indian religeous
175684,west-european
175766,female singer
175778,modern folk
175824,starogradska
175863,smartlap
175934,kerst
175968,copla y tonadilla
175979,asian
176008,cancion española
176010,cajun-zydeco
176120,mkd narodna
176154,folk-punk
176163,australian
176178,ladino
176226,highlife
176229,avant-folk
176251,bündisches liedgut
176254,ecuatoriana
176424,flamenco billy
176440,"folk,blues,country"
176479,navidad
176565,irishfolkmusic in sw
176593,"deutsch,liedermacher"
176622,jam
176659,gipsy
176672,chanting
176709,"schlager,ndw,stimmun"
176735,club dance
176760,follk
176766,world rancheras
176767,dansk musik
176842,indie folk
176849,folkpop
176892,fiddle music
176897,"world,flamenco,gypsy"
177001,hellenic traditional
177024,balad pop spanish
177044,melody
177053,new rock
177058,breizhou
177098,pisnicky pro deti
177128,folk russe
177154,flamenko
177159,single songwriter
177212,kroatia folk
177230,russie
177263,vieja
177285,folklore alternativo
177288,marina
177295,pachanga
177349,yiddish
177357,sufi
177361,irish celtic
177385,quebec folk
177393,boeremusiek
177398,visa
177436,euskal herriko musik
177443,spielleute
177444,weltmusik
177461,suomi folk
177465,hammered dulcimer
